id,name
32,aaloe
33,aalto
54,aamen
129,aaria
143,aarre
195,aatos
196,aatra
201,aatto
428,ahava
431,ahdas
448,ahdin
475,ahkio
480,ahmia
484,ahnas
496,ahtaa
518,ahven
528,aidas
563,aihio
564,aijai
661,aikoa
732,aines
744,ainoa
751,ainut
756,aioli
766,airut
773,aisti
802,aitio
805,aitoa
817,aitta
819,aivan
870,aivot
893,ajaja
1015,ajelu
1095,ajuri
1099,akana
1196,aktio
1371,alati
1378,alava
1446,aleta
1479,alias
1480,alibi
1483,alien
1584,alkaa
1619,alkio
1792,allas
1875,aloke
1885,alppi
1910,altis
1934,altto
1984,aluke
2004,aluna
2077,ambra
2082,ameba
2219,ammis
2230,ammua
2233,ammus
2241,ammuu
2265,ampua
2423,anime
2440,ankea
2445,ankka
2476,annos
2498,anodi
2499,anoja
2531,ansas
2535,ansio
2565,antaa
2600,anti‑
2683,apaja
2698,apeus
2700,apila
2707,apina
2718,apnea
2741,appaa
2768,appsi
2785,apsis
2827,apuri
2838,arabi
2856,arava
2876,argon
2882,arina
2969,arkki
2970,arkki
2971,arkki
2992,arkku
3014,armas
3046,aromi
3075,arpoa
3134,arvio
3268,asana
3311,asema
3331,asemo
3373,asete
3530,askar
3550,askel
3634,astia
3650,astin
3653,astma
3676,astua
3705,asuja
3720,asuma
3802,atari
3838,atlas
3847,atomi
3883,atto‑
3893,audio
3904,aueta
3909,aukea
3914,aukio
3918,aukko
3924,aukoa
3942,aulio
3943,aulis
3948,aunus
4036,aussi
4044,autio
4058,auto‑
4208,avain
4247,avara
4297,avata
4300,avaus
4369,avoin
4496,azeri
4499,baana
4500,baari
4501,baari
4523,bagel
4570,balsa
4582,bambu
4603,banjo
4607,bantu
4625,barbi
4627,bardi
4657,baski
4662,basso
4678,baudi
4696,bebee
4697,bebop
4703,beesi
4704,beeta
4716,beibi
4717,beige
4730,bensa
4795,bidee
4804,biisi
4829,bilsa
4830,bimbo
4838,bingo
4893,biomi
4941,bisse
4945,bitti
4968,blini
4975,blogi
4990,blues
5018,boksi
5019,boksi
5035,bongo
5039,bonus
5043,booli
5047,boomi
5050,boori
5078,botti
5111,bravo
5163,bromi
5217,bukee
5234,bulla
5244,burka
5254,bussi
5270,buumi
5271,buuri
5276,bygga
5291,bändi
5292,bänet
5293,bänks
5295,bänät
5297,börek
5313,cameo
5383,chili
5395,chips
5410,civis
5453,cover
5455,crack
5456,crema
5478,curry
5484,daami
5496,dandy
5498,darra
5499,darts
5528,debet
5534,dedis
5542,deeku
5576,deka‑
5590,dekki
5609,delta
5682,depis
5696,derby
5712,desi‑
5878,diili
5879,diiva
5892,dildo
5903,diodi
5935,dippi
5954,disko
6006,dogmi
6050,donna
6057,dorka
6063,doula
6113,drone
6142,durra
6144,duuma
6148,duuni
6149,duuri
6176,dyyni
6180,eagle
6183,ebola
6243,edetä
6327,eeden
6331,eepos
6335,eesti
6338,eetos
6396,eheys
6408,ehkei
6409,ehken
6438,ehtiä
6447,ehtoo
6465,ehtyä
6475,eilen
6484,eines
6533,eksa‑
6618,eksyä
6725,elin‑
6842,ellei
6913,eloon
6933,elpyä
6950,eläin
7007,eläjä
7008,eläke
7038,elämä
7124,elävä
7136,emali
7190,emoji
7223,empiä
7364,enetä
7402,enkka
7480,ennen
7571,ensin
7641,entäs
7642,entää
7644,enään
7645,epeli
8067,epäys
8273,erite
8327,eritä
8357,eroon
8369,erota
8443,esiin
8521,esine
8549,esite
8634,essee
8672,estin
8689,estyä
8691,estää
8694,etana
8700,eteen
8717,etelä
8770,etevä
8787,etkot
8806,etova
8814,etsin
8824,etsiä
8825,ettei
8948,etuus
8967,etydi
9000,etänä
9043,eukko
9057,euro‑
9148,evätä
9164,faasi
9177,faija
9182,fakki
9188,faksi
9191,fakta
9242,farao
9280,farmi
9283,farsi
9312,fatsi
9313,fatwa
9314,fauna
9315,fauni
9408,fetsi
9430,fiini
9431,fikka
9441,fiksu
9459,filee
9489,filmi
9550,finis
9553,finni
9559,firma
9585,fleda
9636,fobia
9639,fokka
9641,foksi
9644,fokus
9649,folio
9663,fondi
9710,formu
9720,forte
9744,foto‑
9846,fudge
9847,fudia
9848,fudis
9850,fudut
9851,fuksi
9885,fusku
9889,futia
9890,futis
9892,futon
9906,fuuga
9915,fyffe
9916,fylli
9944,fääri
9951,fööni
9952,gaala
9955,gabro
9956,gaeli
9983,gamma
9984,gamma
10003,gasti
10019,geeli
10021,geeni
10047,gekko
10079,genre
10133,gesso
10134,getto
10142,giga‑
10150,gimma
10193,glögi
10207,go-go
10226,gongi
10234,gooni
10235,gooni
10246,gouda
10264,gradu
10298,grape
10350,grogi
10368,guano
10373,guava
10377,gumbo
10391,gängi
10417,haamu
10431,haapa
10439,haara
10524,haava
10525,haava
10540,haave
10554,haavi
10577,hahlo
10578,hahmo
10612,haiku
10613,haiku
10617,haili
10620,haima
10639,haisu
10656,haite
10671,haja‑
10777,hakea
10800,hakku
10819,hakoa
10850,halal
10858,halia
10865,halju
10876,halki
10881,halko
10893,halla
10908,halli
10909,halli
11019,halma
11020,halme
11029,haloo
11031,halpa
11085,halva
11237,handu
11252,hanhi
11257,hanka
11287,hanke
11290,hanki
11312,hanko
11315,hansa
11323,hanti
11336,haota
11337,hapan
11395,happi
11414,happo
11424,hapro
11426,hapsi
11429,hapsu
11457,harha
11503,harja
11569,harju
11631,harme
11635,harmi
11661,haroa
11702,harri
11711,harso
11717,harsu
11752,harus
11756,harva
11792,hasis
11797,hassi
11798,hassu
11812,hattu
11834,haude
11852,hauis
11861,hauki
11881,hauli
11891,haura
11909,hauta
11951,hauva
11983,havas
12011,heavy
12071,heebo
12073,hefta
12079,hehku
12093,hehto
12158,heila
12174,heili
12187,heimo
12204,heinä
12253,heisi
12255,heite
12335,heleä
12365,helke
12375,hella
12383,helle
12429,hellä
12443,helma
12458,helmi
12496,helpi
12543,helve
12565,hemmo
12646,henki
12781,henna
12785,henry
12786,hento
12804,heppa
12805,heppi
12810,heppu
12836,hereä
12843,herja
12906,hermo
12963,herne
12990,herra
13035,herua
13089,hetiö
13095,hetki
13113,hevi‑
13116,hevin
13172,hidas
13198,hieho
13254,hieno
13339,hiesu
13342,hieta
13384,hihna
13442,hiili
13506,hiiop
13532,hiiri
13540,hiisi
13550,hiiva
13565,hijab
13592,hikka
13593,hikke
13621,hilla
13630,hillo
13647,hilse
13656,hilut
13672,himo‑
13696,hindi
13698,hindu
13708,hinku
13727,hinta
13774,hioke
13784,hiomo
13791,hiota
13800,hipat
13806,hipiä
13809,hipoa
13810,hippa
13815,hippi
13821,hippu
13832,hirmu
13857,hirsi
13908,hirvi
13940,hissa
13942,hissi
14006,hitsi
14007,hitsi
14008,hitti
14009,hitto
14017,hiuka
14121,hiven
14140,hobby
14144,hohde
14151,hohka
14158,hohoi
14164,hohto
14171,hoide
14201,hoito
14251,hoiva
14263,hokea
14268,hokki
14302,holli
14317,holvi
14353,homma
14396,honka
14406,hoopo
14411,hopea
14475,hoppu
14501,hormi
14519,horna
14524,horre
14541,hosua
14577,houre
14584,house
14629,huhta
14641,huhuu
14671,huili
14674,huilu
14679,huima
14753,huisi
14780,huivi
14796,hukka
14849,hullu
14919,humma
14939,humus
14956,hunni
14962,huntu
14999,huoku
15022,huoli
15121,huone
15160,huono
15196,huopa
15211,huora
15228,huovi
15245,huppu
15251,hupsu
15269,hurja
15287,hurma
15298,hurme
15311,hurri
15337,hutsu
15338,huttu
15372,huuli
15397,huuma
15406,huume
15439,huuri
15447,huuru
15453,huusi
15460,huuti
15461,huuto
15479,huuva
15560,hyhmä
15569,hylje
15580,hylky
15588,hylly
15598,hylsy
15599,hylsy
15602,hymen
15608,hymiö
15609,hymni
15684,hyppy
15723,hyrrä
15760,hytti
15778,hyvin
15787,hyvis
15879,hyyde
15898,hyytö
15935,hyöky
15955,hyöty
15976,hyötö
15986,häijy
16030,häive
16034,häivä
16045,häkki
16162,häntä
16175,häpeä
16189,häppä
16203,härkä
16220,härme
16224,härmä
16360,häviö
16405,häätö
16409,häävi
16414,hääyö
16416,höhlä
16436,höllä
16451,hölmö
16477,hönkä
16502,höpsö
16504,höpön
16510,hörhö
16530,höskä
16537,höttö
16543,höyde
16568,höyli
16570,höylä
16584,höynä
16587,höyry
16637,höyty
16650,icing
16698,idoli
16736,ihana
16775,ihme‑
16963,iibis
16966,iikka
16972,iiris
17001,ikinä
17056,ikoni
17100,ikänä
17130,ikävä
17134,ikäys
17135,ikään
17158,ilkeä
17177,ilkiö
17306,ilman
17484,ilmiö
17637,iltti
17643,ilves
17645,image
17649,imago
17666,imelä
17719,immyt
17753,impro
17768,imuke
17782,imuri
17799,inaus
17853,ineen
17910,infra
17950,ininä
18011,input
18026,inssi
18164,intos
18176,intro
18180,intti
18190,inva‑
18233,ipana
18241,irkki
18242,irkku
18303,irto‑
18372,irviä
18393,iskeä
18398,iskos
18436,islam
18509,isota
18510,isota
18520,isous
18531,istua
18602,isyys
18667,itara
18688,itkeä
18937,ivata
18947,iäksi
18948,iäkäs
18955,iätön
18958,jaaha
18961,jaala
18977,jahka
18982,jahti
18983,jahti
18987,jakaa
19016,jakki
19017,jakki
19021,jakku
19057,jakso
19079,jalan
19092,jalas
19096,jalka
19238,jalus
19249,jambi
19251,jamit
19274,jannu
19282,jaoke
19307,japsi
19309,jarru
19341,jatke
19342,jatko
19377,jatsi
19383,jauhe
19397,jauho
19429,jeera
19443,jekku
19449,jemma
19451,jengi
19460,jenka
19476,jeppe
19481,jermu
19500,jetti
19501,jiddi
19506,jihad
19512,jiiri
19514,jipii
19516,jippo
19562,johde
19593,johto
19627,joiku
19678,jokin
19701,jolla
19707,jolma
19732,jonne
19733,jonne
19749,jooga
19751,joogi
19752,jooli
19760,jorma
19769,josko
19771,jospa
19782,joten
19789,jotos
19790,jotta
19800,jouhi
19901,joule
19902,joulu
20000,jousi
20104,juhla
20168,juhta
20176,jukka
20180,jukra
20228,julki
20265,julli
20267,julma
20314,jumbo
20373,junnu
20386,juoda
20446,juoma
20469,juomu
20474,juoni
20497,juopa
20515,juoru
20529,juote
20546,juova
20561,jupik
20566,juppi
20580,juroa
20587,jurri
20592,jussi
20602,jutaa
20605,jutku
20609,juttu
20640,juuri
20641,juuri
20764,jylhä
20774,jymy‑
20835,jyske
20853,jytke
20854,jytky
20864,jytää
20893,jäkki
20945,jälki
21071,jälsi
21092,jänis
21104,jänkä
21106,jänne
21148,jännä
21174,järeä
21176,järin
21257,järki
21299,järvi
21329,jäsen
21401,jätkä
21410,jätti
21438,jättö
21447,jätös
21449,jäyhä
21472,jäynä
21483,jäädä
21508,jäähy
21563,jäämä
21611,jäärä
21661,jäävi
21678,jööti
21682,kaade
21725,kaali
21749,kaaos
21786,kaapu
21789,kaara
21797,kaari
21798,kaari
21843,kaaso
21844,kaasu
21904,kaato
21918,kaava
22065,kahjo
22066,kahju
22072,kahle
22095,kahta
22110,kahva
22116,kahvi
22187,kaide
22194,kaihi
22197,kaiho
22247,kaiku
22270,kaima
22283,kaino
22295,kaira
22296,kaira
22317,kaita
22318,kaita
22364,kaivo
22381,kaivu
22397,kajal
22428,kakka
22433,kakko
22452,kakku
22467,kakoa
22470,kakru
22473,kaksi
22833,kalhu
22860,kalja
22872,kalju
22880,kalke
22926,kalla
22928,kalle
22987,kallo
22995,kalma
23003,kalmo
23018,kalpa
23031,kalsa
23103,kalvo
23143,kamee
23178,kammo
23190,kampa
23214,kampe
23218,kampi
23315,kandi
23406,kanki
23413,kanna
23453,kanne
23475,kannu
23505,kansa
23741,kansi
23786,kanta
23869,kanto
23870,kanto
23943,kapea
24011,kappa
24012,kappa
24013,kappa
24030,kappi
24040,kapse
24059,kaput
24142,karhe
24156,karhi
24160,karho
24164,karhu
24237,karja
24301,karju
24364,karku
24374,karma
24384,karmi
24422,karri
24438,karsi
24570,karva
24625,karve
24691,kaski
24696,kasko
24698,kasku
24708,kassa
24739,kassi
24749,kaste
24777,kasti
24778,kasti
24842,kasvi
24953,kasvo
24989,kasvu
25119,katka
25153,katki
25155,katko
25156,katko
25167,katku
25191,katos
25213,katse
25251,katti
25257,katto
25292,katua
25370,katve
25374,kauaa
25376,kauan
25377,kauas
25388,kauha
25407,kauhu
25435,kauin
25521,kaula
25565,kauna
25606,kauno
25806,kaura
25832,kausi
25906,kavio
25914,kebab
25987,kehiä
25992,kehno
25998,kehnä
26024,kehrä
26037,kehto
26045,kehua
26056,kehys
26109,keija
26110,keiju
26149,keila
26171,keino
26202,keinu
26230,keisi
26231,keiso
26303,kekri
26308,keksi
26309,keksi
26334,kelja
26335,kelju
26387,kello
26457,kelmi
26458,kelmu
26466,kelpo
26475,kelta
26522,kemia
26540,kemut
26542,kendo
26570,kenkä
26594,kenno
26671,keota
26675,kepeä
26684,keppi
26714,kerho
26727,keriä
26745,kerma
26767,kermi
26771,kerni
26832,kersa
26844,kerta
26900,kerto
26918,keruu
26957,kesiä
27216,kessu
27217,kessu
27220,kesti
27227,kesto
27388,ketju
27417,ketku
27427,ketsi
27434,ketto
27435,kettu
27496,keula
27521,keveä
27525,kevyt
27568,kevät
27612,khaki
27619,khmer
27726,kieli
27805,kielo
27860,kiero
27999,kierä
28077,kihti
28160,kiila
28211,kiilu
28218,kiima
28222,kiina
28380,kiire
28381,kiire
28402,kiiri
28404,kiiru
28432,kiisu
28437,kiito
28485,kiivi
28490,kikka
28526,kilju
28534,kilke
28554,kilo‑
28580,kilpa
28664,kilpi
28684,kilsa
28686,kilta
28725,kimeä
28730,kimma
28763,kimpi
28796,kingi
28820,kinoa
28823,kinos
28834,kinua
28865,kipeä
28888,kippi
28896,kippo
28912,kipsa
28916,kipsi
28955,kireä
28988,kiriä
28989,kirja
29135,kirje
29176,kirjo
29361,kirnu
29399,kirsi
29421,kirsu
29426,kirva
29461,kiska
29464,kisko
29486,kissa
29550,kitka
29573,kitku
29583,kitsi
29584,kitsi
29587,kitti
29588,kitti
29591,kitua
29606,kiuas
29624,kiulu
29626,kiuru
29628,kiusa
29686,kives
29868,klani
29871,klapi
29953,klubi
29975,koala
29985,kobra
30074,kofta
30093,kohde
30181,kohta
30182,kohta
30220,kohti
30226,kohtu
30246,kohva
30261,koipi
30264,koira
30314,koisa
30317,koiso
30319,koite
30330,koivu
30374,kokea
30401,kokis
30402,kokka
30416,kokki
30417,kokki
30418,kokko
30419,kokko
30551,koksi
30576,kolea
30596,kolho
30598,kolhu
30613,kolja
30617,kolke
30654,kolli
30655,kolli
30657,kollo
30673,kolme
30814,koloa
30860,kolvi
30868,kombo
30870,komea
30959,kompa
31162,konki
31196,konna
31206,konsa
31363,kontu
31378,koodi
31408,kooma
31441,koota
31452,kopea
31461,kopio
31473,kopla
31476,koppa
31485,koppi
31486,koppi
31491,kopra
31501,kopse
31502,kopsu
31503,kopsu
31505,kopti
31534,korea
31535,korea
31572,koris
31741,korko
31774,korma
31777,korni
31815,korpi
31867,korsi
31884,korsu
31885,korte
31953,korva
32033,korvo
32040,kosia
32053,koska
32083,koski
32092,kosla
32115,koste
32131,kosto
32161,kotia
32365,kotka
32378,kotoa
32400,kotsa
32401,kotsa
32406,kotus
32407,kotva
32409,kouho
32448,koulu
32621,koura
32646,kouru
32656,kovaa
32725,kovin
32726,kovis
32742,kraka
32760,krapu
32833,krimi
32915,kromi
33021,kränä
33039,kudin
33048,kudos
33072,kuhmu
33084,kuhun
33098,kuilu
33104,kuiri
33134,kuitu
33148,kuiva
33255,kukin
33265,kukka
33340,kukko
33349,kukku
33378,kuksa
33391,kulho
33436,kulju
33445,kulku
33504,kulli
33507,kulma
33574,kulta
33665,kulti
33743,kulua
33826,kumea
33884,kumma
33907,kummi
33957,kumpi
33964,kumpu
33979,kundi
34058,kunne
34147,kunpa
34148,kunta
34167,kunto
34225,kuoha
34240,kuohu
34264,kuola
34352,kuolo
34360,kuoma
34361,kuomu
34364,kuona
34369,kuono
34389,kuore
34394,kuori
34395,kuori
34456,kuoro
34476,kuosi
34485,kuovi
34530,kupla
34554,kuppa
34565,kuppi
34576,kupro
34578,kupru
34610,kurdi
34619,kurho
34628,kurin
34670,kurja
34683,kurki
34717,kurko
34732,kuroa
34745,kurra
34746,kurre
34747,kurri
34797,kurva
34801,kurvi
34824,kuski
34827,kussa
34828,kusta
34829,kusta
34865,kutea
34871,kuten
34895,kutka
34899,kutoa
34911,kutsu
34942,kuttu
35016,kuula
35053,kuulo
35108,kuulu
35137,kuuma
35184,kuume
35255,kuura
35264,kuuri
35265,kuuri
35272,kuuro
35273,kuuro
35305,kuusi
35306,kuusi
35489,kuvas
35536,kuvio
35553,kuvis
35636,kyetä
35638,kyhmy
35670,kylki
35688,kyllä
35716,kylmä
35816,kylpy
35841,kylvö
35946,kymri
35948,kyniä
35962,kynsi
35983,kynte
36003,kyntö
36036,kypsi
36048,kypsä
36063,kyrpä
36065,kyrsä
36086,kyssä
36091,kysta
36095,kystä
36107,kysyä
36110,kyteä
36111,kytis
36119,kytky
36127,kyttä
36176,kyylä
36228,kyyry
36239,kyyti
36252,kyömy
36298,käheä
36328,källi
36353,kämmi
36363,känni
36368,känny
36375,känsä
36414,käreä
36415,kärhi
36419,kärhö
36440,kärki
36503,kärri
36504,kärry
36529,kärsä
36618,käsin
36661,käsis
36747,käsky
36758,käsnä
36761,kässä
36795,kätkö
36799,kätsy
36800,kätsä
36839,käydä
36881,käypä
36889,käyrä
36899,käyte
37018,käyvä
37023,käämi
37113,kääpä
37115,kääre
37152,käärö
37155,kääty
37160,köhiä
37163,kökkö
37164,köksä
37170,kölli
37171,kölli
37220,kössi
37221,kössi
37237,köyhä
37267,köyry
37275,köysi
37288,köyte
37292,kööri
37319,laaja
37360,laaka
37400,laaki
37406,laama
37407,laama
37419,laari
37431,laata
37452,laatu
37486,laava
37492,laavu
37507,labra
37519,lados
37523,lafka
37524,lager
37532,lahja
37560,lahje
37577,lahko
37580,lahna
37612,lahti
37613,lahti
37639,laiha
37653,laiho
37696,laina
37733,laine
37824,laita
37842,laite
37881,laiva
38002,lakea
38043,lakka
38044,lakka
38045,lakka
38046,lakka
38066,lakki
38071,lakko
38158,lamee
38209,lampi
38229,lande
38242,lanit
38244,lanka
38277,lanko
38289,lanne
38314,lanta
38360,laota
38395,lapio
38409,lappi
38411,lappo
38415,lappu
38465,lapsi
38550,largo
38564,laser
38721,lasko
38729,lasku
38773,lassi
38775,lasso
38777,lasta
38837,lasti
38845,lastu
38895,latoa
38902,latta
38907,latte
38965,latva
39001,laude
39007,lauha
39008,lauha
39066,laulu
39113,lauma
39132,lause
39159,lauta
39232,lavea
39265,leffa
39322,lehmä
39339,lehti
39426,lehto
39445,lehvä
39449,leidi
39450,leija
39479,leike
39582,leili
39583,leima
39607,leimu
39610,leini
39629,leipä
39663,leiri
39698,leivo
39738,lelli
39787,lempi
39803,lempo
39833,lenko
39867,lento
39868,lento
40036,leppä
40044,lepra
40045,lepsu
40077,lesbo
40092,leski
40105,lesti
40107,lesty
40108,lestä
40111,letka
40122,letku
40124,letti
40128,letto
40130,lettu
40150,leuka
40172,leuku
40173,leuto
40190,leveä
40287,liata
40330,lieju
40341,lieka
40352,lieko
40357,liemi
40379,lieri
40387,liero
40390,liesi
40401,liesu
40402,liesu
40404,liete
40428,lieve
40441,lievä
40447,lifti
40508,lihas
40556,lihis
40557,lihoa
40566,liian
40576,liiga
40584,liika
40624,liike
40865,liila
40867,liima
40894,liina
40912,liira
40933,liite
40939,liito
40985,liitu
41014,liivi
41015,liivi
41077,likin
41091,likka
41094,liksa
41105,lilja
41130,limbo
41159,limsa
41175,linja
41226,linko
41230,linna
41247,linni
41304,lintu
41338,liota
41347,lipas
41358,lipeä
41370,lipoa
41374,lippa
41377,lippi
41379,lippo
41380,lippu
41412,lipua
41435,liriä
41444,lirua
41460,lisko
41461,lisko
41463,lista
41540,lisää
41564,litka
41566,litku
41572,litra
41576,litsa
41580,litsi
41581,litsi
41628,liuku
41668,liuos
41688,liuta
41711,livvi
41715,loata
41723,lobby
41727,loden
41729,lodju
41799,lohko
41814,lohtu
41829,loimi
41839,loimu
41932,loiva
41950,lojua
41977,lokki
41988,lokse
42051,lommo
42063,lonka
42089,loosi
42090,loota
42095,lopen
42103,loppu
42226,lordi
42240,loska
42247,lossi
42257,lotja
42261,lotta
42262,lotta
42266,lotto
42276,louhe
42358,luhta
42363,luhti
42367,luihu
42377,luiku
42384,luiru
42413,luisu
42418,lujaa
42450,lukea
42474,lukio
42496,lukki
42504,lukko
42520,luksi
42588,lulla
42597,lumen
42695,lumme
42725,lunki
42730,lunni
42739,luoda
42741,luode
42742,luode
42748,luoja
42802,luoko
42805,luola
42812,luoma
42815,luomi
42816,luomi
42834,luomu
42845,luona
43084,luota
43099,luoti
43107,luoto
43179,luova
43181,luovi
43209,luppi
43210,luppo
43236,lusia
43246,lusmu
43250,luste
43251,lusto
43258,lutka
43290,luulo
43303,luumu
43334,luuri
43346,luuta
43382,lyhde
43398,lyhki
43400,lyhty
43413,lyhyt
43467,lyijy
43499,lykky
43510,lymfa
43524,lypsy
43543,lyseo
43547,lysti
43559,lyydi
43567,lyyli
43568,lyyra
43573,lyödä
43574,lyöjä
43593,lähde
43638,lähes
43695,lähi‑
43740,lähin
43741,lähin
43779,lähiö
43793,lähtö
43843,läike
43899,läkki
43906,läksy
43917,lälly
43991,lämpö
44084,länsi
44193,läppä
44194,läppä
44195,läppä
44201,läpse
44230,lärvi
44232,läsiä
44233,läski
44240,läsnä
44244,lässy
44254,lätkä
44260,lätsä
44263,lätti
44264,lätti
44266,lätty
44287,lääke
44382,lääni
44400,lääte
44401,läävä
44409,löllö
44428,lössi
44429,lössi
44432,lötkö
44447,löyhä
44454,löyly
44468,löysä
44477,löytö
44508,maagi
44759,maali
44760,maali
44857,maamo
45059,maaru
45127,maata
45171,maate
45226,macho
45259,mafia
45262,magia
45264,magma
45267,magna
45358,mahis
45360,mahku
45361,mahla
45385,mahti
45420,maija
45423,maila
45435,maili
45436,maili
45439,maine
45586,maiti
45592,maito
45704,makea
45746,makki
45754,makro
45773,maksa
45797,maksi
45820,maksu
45899,makuu
45944,malja
45953,malka
45965,malli
46008,malmi
46046,malto
46055,malva
46058,mamba
46059,mambo
46062,mamis
46063,mamma
46105,manga
46108,mango
46119,mania
46146,manna
46153,manne
46176,mansi
46211,manto
46217,mantu
46229,maori
46234,mappi
46283,marja
46434,marsu
46440,marto
46457,masai
46477,maski
46490,massa
46520,massi
46530,massu
46531,masto
46542,mataa
46635,matka
46815,matsi
46818,matta
46822,matti
46823,matti
46827,matto
46848,mauri
46896,media
46936,meemi
46940,mega‑
47031,meikä
47041,meili
47066,mekka
47069,mekko
47091,melko
47108,meloa
47126,melto
47202,mennä
47242,menyy
47243,meppi
47525,merta
47540,mesoa
47547,messi
47565,messu
47575,mesta
47734,metka
47736,metku
47753,metri
47762,metro
47779,metso
47782,metsä
48088,mieli
48195,miero
48275,miete
48291,mieto
48304,mihin
48310,miilu
48313,miimi
48317,miina
48341,mikin
48344,mikki
48346,mikro
48426,miksi
48468,milli
48492,mimmi
48519,mini‑
48585,miniä
48609,minne
48617,minsa
48641,mirha
48643,mirin
48644,mirri
48659,missi
48665,missä
48671,mistä
48696,miten
48708,mitra
48711,mitta
48835,modus
48851,moike
48862,moite
48883,mokka
48884,mokka
48931,molli
48948,molva
48978,mones
49204,monni
49250,monta
49262,moodi
49263,mooli
49338,moppi
49339,mopsi
49388,moron
49422,mosel
49426,moska
49427,moska
49455,motti
49456,motti
49457,motti
49460,motto
49493,mufti
49496,muhea
49503,muhia
49514,muhvi
49516,muija
49651,mukaa
49708,muksu
49745,mulli
49763,multa
49791,mummi
49792,mummo
49797,mummu
49846,mungo
49849,munia
49925,muona
49935,muori
49938,muoti
49968,muoto
50027,muovi
50087,murea
50096,muren
50106,murha
50121,murhe
50143,murju
50155,murre
50198,mursu
50217,murto
50260,museo
50362,mussu
50367,musta
50433,muste
50484,mutka
50507,mutsi
50508,mutta
50525,muuan
50537,muuli
50599,muuri
50609,muusa
50611,muusi
50677,myhky
50690,mykiö
50693,mykkä
50704,mylly
50724,myrha
50789,myski
50792,mysli
50793,myssy
50810,mytty
50811,myydä
50812,myyjä
50878,myyrä
50889,myyty
50891,myödä
50900,myöhä
50965,myötä
51030,mähkä
51031,mäihä
51032,mäike
51084,mälli
51085,mälli
51087,mälsä
51088,mämmi
51108,mänty
51131,mäntä
51141,märkä
51159,mäsis
51160,mäski
51161,mäskä
51166,mässy
51180,mätiä
51182,mätky
51195,mättö
51206,mätäs
51211,mäyrä
51218,määre
51228,määrä
51304,mökki
51319,mölli
51330,mömmö
51331,mönjä
51337,möreä
51341,mörkö
51349,mössö
51351,mötti
51357,möyhy
51369,naali
51370,naama
51417,naara
51440,naava
51445,nacho
51446,nafta
51449,nafti
51454,nahas
51465,nahka
51524,naida
51651,naivi
51663,nakki
51664,nakki
51665,nakki
51679,naksu
51701,nalle
51703,nalli
51704,nalli
51715,nanna
51716,nano‑
51787,nappa
51792,nappi
51803,nappo
51826,napsu
51864,narri
51911,nashi
51915,nasse
51917,nassu
51918,nassu
51919,nasta
51954,natsa
51956,natsi
51971,nauha
51999,naula
52025,nauru
52040,nauta
52114,neiti
52115,neito
52130,nekku
52135,nekru
52139,neli‑
52210,neliö
52228,neljä
52261,nelma
52329,neppi
52340,neste
52382,netti
52424,netto
52440,neula
52462,neule
52522,neuvo
52579,niche
52585,nidos
52595,nielu
52606,niemi
52621,nihti
52625,niini
52640,niisi
52645,niisk
52707,niksi
52840,nimiö
52846,ninja
52847,niobi
52860,nippa
52865,nippu
52876,nipsu
52881,niqab
52895,nirri
52903,nirso
52907,niska
52935,nisse
52936,nissi
52937,nisti
52945,nitoa
52956,nitro
52961,niuho
52983,nivel
53024,nivoa
53027,nivus
53036,noeta
53047,noita
53095,nokka
53127,nolla
53185,nopea
53216,noppa
53220,nopsa
53228,norja
53229,norja
53281,normi
53292,norri
53295,norsu
53304,norua
53317,noste
53321,nosto
53363,notko
53378,nousu
53400,nouto
53425,nugaa
53437,nuhde
53452,nuija
53459,nuiva
53483,nukka
53498,nukke
53511,nukki
53537,nulju
53575,nummi
53578,nunna
53613,nuoli
53626,nuolu
53628,nuora
53647,nuori
53782,nuppi
53785,nuppu
53795,nurea
53797,nurin
53806,nurja
53843,nurmi
53873,nuttu
53883,nuuka
53923,nykiä
53924,nyksä
53925,nyky‑
53975,nykyä
53984,nylky
53988,nylon
53990,nymfi
53996,nynny
54004,nyppy
54014,nyreä
54055,nysty
54099,nyöri
54112,nähdä
54146,näkki
54173,näkyä
54228,nälkä
54249,nänni
54265,näppi
54268,näppy
54291,näpsä
54312,närhi
54321,näsiä
54326,nätti
54333,näyte
54437,näätä
54445,nössö
54458,nöyrä
54489,odote
54522,ohari
54526,oheen
54556,oheta
54557,ohhoh
54573,ohimo
54608,ohjas
54683,ohjus
54739,ohuus
54744,oieta
54745,oijoi
54753,oikea
54907,oikis
54908,oikku
54912,oikoa
54944,oinas
54959,oitis
54997,ojoon
54999,ojuke
55006,okapi
55050,oksia
55066,olake
55103,oleva
55116,olija
55346,omata
55381,omega
55383,omena
55478,ommel
55499,omppu
55536,onkia
55631,ontto
55635,ontua
55638,ookoo
55839,oppia
55938,optio
55981,orava
56035,origo
56069,orkka
56070,orkku
56131,osake
56221,osata
56285,ostaa
56315,ostos
56333,osuma
56337,osuus
56355,osuva
56404,otsis
56414,ottaa
56464,ovela
56532,paali
56536,paalu
56548,paanu
56564,paasi
56586,paavi
56597,padel
56600,paeta
56674,pahis
56677,pahka
56683,pahki
56688,pahna
56710,pahus
56712,pahvi
56896,paine
56936,paini
56949,paino
57049,paise
57098,paita
57212,pakka
57213,pakka
57254,pakki
57255,pakki
57257,pakko
57359,paksu
57387,pakti
57392,palaa
57450,palho
57475,palje
57481,paljo
57491,palju
57594,palko
57600,palle
57601,palle
57608,palli
57609,palli
57612,pallo
57672,palmu
57681,paloa
57773,palsa
57774,palsa
57792,palte
57802,paluu
57874,palvi
57875,palvi
57893,pampa
57910,panda
57999,panna
58000,panna
58006,pannu
58027,panos
58066,panta
58206,pappa
58214,pappi
58329,paras
58354,pareo
58372,paria
58462,parka
58463,parka
58503,parku
58540,parru
58541,parsa
58548,parsi
58557,parta
58616,party
58633,parvi
58634,parvi
58650,pasha
58658,paska
58670,pasma
58673,paspa
58684,passi
58685,passi
58686,passi
58687,passi
58714,pasta
58766,patee
58795,patio
58800,patja
58841,patti
58842,patti
58852,pauhu
58862,pauke
58878,paula
58881,pauna
58883,pause
58916,peeaa
58918,peesi
58923,peffa
58930,pehko
58931,pehku
58962,pehmo
58984,pehva
58997,peili
59022,peite
59068,pekka
59203,pelko
59233,pelle
59276,pelti
59297,pelto
59334,peluu
59374,penis
59398,penne
59399,penni
59406,penny
59407,pensa
59453,pentu
59463,peoni
59464,peoni
59472,peppu
59515,perhe
59609,perho
59677,perin
59678,perin
59761,periä
59795,perna
59806,perse
59831,perso
59862,persu
59868,perua
59942,perus
60116,pervo
60242,pesin
60245,pesis
60247,pesiä
60248,peski
60260,pesti
60264,pesto
60267,pestä
60273,pesue
60305,pesye
60342,peta‑
60378,petos
60393,petsi
60396,pettu
60432,peura
60452,piano
60492,pidin
60493,pidot
60529,pieli
60533,piena
60551,pieni
60663,pieru
60669,pieti
60675,pietä
60723,pihiä
60724,pihka
60737,pihta
60749,pihvi
60760,piika
60807,piilo
60854,piilu
60860,piimä
60865,piina
60919,piiri
60963,piiru
60964,piiru
60982,piisi
60983,piisi
61018,pika‑
61019,pikaa
61120,pikee
61160,pikku
61303,piko‑
61348,pilke
61349,pilke
61409,pilli
61424,pillu
61453,pilvi
61477,pimeä
61484,pimiö
61510,pinja
61516,pinko
61521,pinna
61522,pinna
61545,pinne
61555,pinni
61576,pinta
61662,pioni
61663,pioni
61748,pirta
61760,pirtu
61798,pisiä
61799,piski
61802,pissa
61808,pissi
61816,piste
61865,pisto
61931,pitko
61935,pitkä
62038,pitsa
62045,pitsi
62098,pitää
62099,piuha
62106,pizza
62141,plari
62171,platy
62187,pliis
62230,pläsi
62231,plääh
62233,plörö
62253,pohja
62326,pohje
62397,poies
62401,poiju
62404,poika
62521,poimu
62601,pokka
62609,poksi
62684,polio
62714,polku
62733,polla
62736,polle
62755,polte
62819,polvi
62891,pommi
62892,pommi
62932,pomsi
62935,pondi
62965,ponsi
62984,pooki
62985,pooli
62986,pooli
62987,poolo
63005,poppa
63013,poppi
63067,porho
63085,porno
63255,poski
63286,posse
63290,possu
63300,posti
63301,posti
63302,posti
63393,potea
63421,potka
63429,potku
63430,potku
63447,potra
63449,potta
63451,potti
63452,potti
63454,pottu
63455,pottu
63474,pouta
63607,priki
63716,proge
63920,proto
63935,provo
63974,psori
64035,ptruu
64044,pudas
64063,puffi
64106,puhde
64300,puhki
64323,puhti
64325,puhua
64351,puhvi
64354,puida
64355,puija
64406,puite
64414,pujoa
64420,pujos
64434,pukea
64463,pukki
64464,pukki
64469,puklu
64522,pulja
64524,pulju
64530,pulla
64559,pullo
64596,pulma
64602,pulmu
64644,pummi
64645,pummi
64813,punka
64840,punoa
64849,punos
64853,punta
64865,puola
64866,puola
64867,puola
64892,puoli
65260,puomi
65271,puosu
65272,puoti
65277,puppu
65343,purje
65380,purjo
65407,purku
65442,purra
65443,purse
65445,pursi
65457,purso
65495,pusia
65498,puska
65508,pusku
65522,pussi
65548,pusta
65559,putka
65565,putki
65613,putti
65614,putto
65630,puuha
65716,puuma
65777,puuro
65870,puute
65932,pygmi
65981,pykiä
66000,pylly
66028,pyree
66038,pyrky
66073,pyssy
66079,pysti
66081,pysty
66147,pystö
66161,pysyä
66204,pyton
66207,pytty
66216,pyyde
66223,pyyhe
66338,pyöry
66341,pyörä
66397,pyörö
66416,päheä
66514,päivä
66637,päkiä
66646,pälvi
66660,pännä
66701,pässi
66715,päteä
66718,pätkä
66724,pätsi
66955,pääri
67027,pääsy
67041,pääte
67107,pääty
67167,pöhkö
67168,pöhnä
67184,pökkö
67189,pökät
67191,pölhö
67196,pöljä
67201,pölli
67203,pölly
67212,pöllö
67307,pörrö
67350,pötky
67352,pötkö
67356,pötsi
67387,pöytä
67452,quasi
67458,quorn
67475,raaja
67482,raaka
67483,raaka
67572,raami
67580,raana
67581,raani
67582,raanu
67587,raape
67613,raasu
67616,raate
67621,raati
67624,raato
67632,rabbi
67658,radio
67748,radon
67752,radža
67762,rafla
67771,raguu
67895,rahje
67898,rahka
67909,rahna
67926,rahti
67946,rahtu
67954,raide
67994,railo
67999,raina
68014,raisu
68017,raita
68018,raita
68019,raita
68048,raito
68075,raivo
68209,rakas
68337,rakka
68367,rakki
68370,rakko
68402,raksa
68409,raksi
68411,raksu
68421,ralli
68422,ralli
68423,ralli
68436,rambo
68441,ramen
68446,rampa
68455,randi
68482,rangi
68483,ranka
68495,ranki
68506,ranko
68509,ranne
68573,ranta
68647,rantu
68676,rapea
68707,rappu
68717,rapse
68718,rapsi
68727,rapsu
68749,rasia
68817,raski
68819,rasko
68821,raspi
68826,rassi
68827,rassu
68829,rasta
68839,rasti
68845,rasva
68915,ratas
68963,ratki
68994,ratsu
69010,ratti
69011,ratti
69020,ratto
69038,rauha
69132,rauta
69210,rautu
69216,ravet
69297,ravit
69400,reeti
69466,rehti
69510,reiki
69512,reikä
69534,reilu
69537,reima
69550,reisi
69577,reivi
69604,rekka
69605,rekka
69609,rekki
69621,reksi
69655,remmi
69719,renki
69726,rento
69750,repiä
69765,reppu
69780,repro
69794,reput
69854,respa
69861,ressu
69876,reteä
69894,retki
69911,retku
69926,retro
69950,reuma
69961,reuna
70048,revyy
70061,ribbi
70067,rieha
70087,riemu
70112,riena
70123,riepu
70126,riesa
70133,rievä
70135,riffi
70145,rihla
70148,rihma
70164,riihi
70175,riimi
70188,riimu
70189,riimu
70252,riisa
70253,riisi
70254,riisi
70325,riita
70344,riite
70367,riiuu
70375,rikas
70394,rikka
70408,rikki
70409,rikki
70424,rikko
70447,rikos
70489,riksa
70492,riksi
70508,rimpi
70529,rimsu
70532,rinki
70578,rinne
70591,rinta
70680,ripeä
70695,rippi
70722,rippu
70731,ripsi
70732,ripsi
70745,ripsu
70775,riski
70776,riski
70804,risoa
70831,risti
70972,ritsa
70977,ritva
70983,riuku
70984,riuna
71057,rodeo
71068,rohea
71073,rohjo
71083,rohmu
71089,rohto
71097,roihu
71111,roilo
71112,roima
71115,roina
71116,roipe
71117,roisi
71155,rokka
71158,rokki
71162,rokko
71242,rombi
71246,rommi
71247,rommi
71248,rommi
71252,rompe
71273,rondi
71274,rondo
71282,rooli
71312,roosa
71329,ropse
71336,rosee
71343,roska
71379,rosmo
71390,rosti
71391,rosvo
71420,rotko
71421,rotsi
71422,rotta
71455,rouhe
71476,routa
71488,rouva
71500,rovio
71510,rugby
71513,ruhje
71599,rukka
71604,rukki
71605,rukki
71627,ruksi
71634,rulla
71684,rumba
71701,rumpu
71716,rundi
71722,runko
71861,ruode
71867,ruoho
71890,ruoja
71891,ruoka
72023,ruoko
72040,ruori
72072,ruoti
72077,ruoto
72106,ruotu
72122,rupia
72126,rupla
72151,ruska
72175,rusko
72215,rusto
72254,rutka
72259,rutto
72264,ruttu
72305,ruuhi
72338,ruuma
72388,ruuna
72392,ruusu
72439,ruuti
72443,ruutu
72459,ruuvi
72511,ryhmy
72515,ryhmä
72565,ryhti
72573,ryijy
72582,rykiä
72625,ryntö
72626,rypeä
72632,ryppy
72643,rypsi
72656,rypäs
72657,ryske
72668,ryssä
72670,rysty
72696,rytke
72697,rytky
72702,rytmi
72737,ryväs
72742,ryyni
72762,ryysy
72766,ryyti
72778,ryönä
72816,rähjä
72822,rähmä
72832,räike
72845,räime
72891,räkiä
72892,räkki
72893,räkkä
72899,räksä
72933,rämeä
72959,ränni
72964,räntä
72977,räppi
72981,räpse
73006,rästi
73036,rätti
73087,rääsy
73097,räävi
73114,röhnä
73126,rölli
73128,römeä
73132,rönsy
73167,rösti
73174,rötös
73197,röyhy
73211,rööki
73212,rööri
73215,saada
73216,saaga
73217,saago
73220,saaja
73227,saali
73247,saame
73294,saari
73376,saate
73380,saati
73403,saavi
73424,sabra
73430,sadas
73475,sadin
73497,saeta
73507,safka
73540,sahra
73542,sahti
73544,sahuu
73653,saita
73673,sakea
73683,sakka
73696,sakki
73705,sakko
73722,saksa
73749,sala‑
73750,salaa
73890,saldo
73910,salko
73927,salmi
73944,salon
73957,salpa
73968,salsa
73973,salva
73984,sama‑
74072,samba
74075,sambo
74076,samea
74169,sampi
74176,sampo
74183,samum
74313,sanka
74346,sanko
74354,sanoa
74382,santa
74393,sanue
74404,saota
74422,sappi
74458,sarja
74522,sarka
74523,sarka
74556,sarvi
74579,sataa
74629,satay
74688,satsi
74756,saudi
74758,sauhu
74764,sauma
74787,sauna
74828,sauro
74829,sauva
74855,saves
74999,scifi
75008,sedan
75072,seili
75073,seimi
75082,seinä
75150,seipi
75217,seita
75219,seiti
75270,seka‑
75353,sekka
75355,sekki
75390,seksi
75478,sekti
75547,selin
75564,selja
75587,selko
75601,selkä
75673,selli
75677,sello
75687,sellu
75712,selus
75747,selvä
75769,selys
75796,semi‑
75906,seota
75954,seppo
75956,seppä
75966,serbi
75992,sermi
76002,serri
76013,servo
76049,setri
76054,setti
76071,seula
76078,seura
76190,seutu
76230,shiia
76295,sidos
76318,sielu
76403,sieni
76440,siera
76450,sieto
76455,sietä
76456,sietä
76474,sievä
76482,sigma
76508,sihti
76509,sihti
76518,siika
76521,siili
76522,siili
76529,siilo
76530,siima
76542,siinä
76545,siipi
76572,siira
76692,siitä
76693,siitä
76711,siivo
76738,siivu
76806,sika‑
76840,sikeä
76842,sikhi
76849,sikiö
76880,sikli
76881,siko‑
76892,siksi
76911,silat
76922,sileä
76990,silko
76992,silla
77004,silli
77021,sillä
77043,silmu
77056,silmä
77182,silsa
77183,silta
77193,silti
77210,simmu
77378,sinko
77383,sinne
77415,sinut
77426,sioux
77439,sippi
77441,sipsi
77541,sirri
77555,sisal
77559,sisar
77609,sisin
77611,sisko
77618,sissi
77643,sisus
77673,sisä‑
77894,sitar
77899,siten
77914,sitko
77917,sitoa
77933,sitra
77957,sitsi
78008,siveä
78078,sivu‑
78233,skaba
78263,skeet
78279,skene
78299,skini
78317,skool
78372,slobo
78406,snadi
78412,snobi
78434,soeta
78440,softa
78445,sohia
78446,sohjo
78454,sohva
78465,soida
78480,soija
78533,soiro
78587,sokea
78658,sokka
78667,sokki
78675,sokko
78724,solki
78741,solmu
78751,solua
78828,sompa
78835,sondi
78839,sonni
78847,sonta
78855,sooda
78859,soolo
78880,sooma
78881,soopa
78885,soosi
78908,sopia
78965,soppa
78972,soppi
78973,soppi
79038,sorea
79047,sorja
79068,sormi
79112,sorry
79113,sorsa
79132,sorto
79145,sorva
79153,sorvi
79251,sossu
79388,sotia
79504,sotka
79517,sotku
79518,sotku
79554,soutu
79565,souvi
79744,spora
79760,spray
79766,sprii
79804,stadi
79849,stara
79850,stara
79925,stidi
79957,stola
79966,stout
80035,stydi
80085,sueta
80127,suhde
80281,sujua
80282,sujut
80331,sukia
80336,sukka
80402,suksi
80545,sulaa
80577,sulfa
80597,sulho
80600,sulje
80602,sulka
80629,sulku
80677,sumea
80688,summa
80749,sunna
80753,sunni
80786,suoda
80803,suoja
80804,suoja
80805,suoja
80928,suola
80984,suoli
81059,suomi
81065,suomu
81086,suoni
81101,suopa
81114,suora
81258,suova
81319,suppa
81338,suppo
81339,suppo
81394,surku
81399,surma
81412,surra
81471,surve
81481,sushi
81496,sussu
81501,sutia
81507,sutki
81510,suttu
81518,suude
81522,suufi
81536,suula
81638,suur-
81639,suura
81641,suure
81667,suuri
81818,suute
81877,svedu
81891,swing
81928,sydän
82027,sykli
82030,syksy
82076,sylki
82084,sylky
82094,sylys
82243,synti
82257,synty
82323,syrjä
82352,sysiä
82489,syyhy
82507,syylä
82510,syyni
82520,syys‑
82564,syyte
82595,syödä
82596,syöjä
82650,syöpä
82674,syöte
82764,sähke
82769,sähkö
82965,sähly
82966,sählä
83025,säilä
83028,säilö
83051,säkki
83072,sälli
83092,sänki
83096,sänky
83111,säppi
83123,särki
83128,särky
83132,särmi
83137,särmä
83206,sätky
83212,sätkä
83217,sävel
83276,säyne
83283,sääde
83307,sääli
83371,sääri
83434,sääty
83448,säätö
83482,sössö
83500,taain
83501,taaja
83533,taala
83559,taara
83562,taata
83563,taata
83593,taeta
83595,tafti
83643,tahko
83650,tahma
83665,tahna
83669,tahra
83684,tahti
83693,tahto
83710,taide
83798,taido
83809,taiga
83810,taiji
83811,taika
83857,taimi
83960,taita
83969,taite
84006,taito
84090,taive
84093,taivo
84132,taka‑
84133,takaa
84310,takia
84322,takka
84323,takka
84332,takki
84336,takku
84349,takoa
84360,taksa
84364,taksi
84406,takuu
84425,talas
84440,talja
84441,talja
84463,talla
84464,talla
84498,talli
84715,talvi
84804,tamma
84810,tammi
84811,tammi
84812,tammi
84866,tango
84868,tanhu
84876,tanka
84890,tanko
85011,tapas
85065,tappi
85077,tappo
85086,tapsi
85098,tarha
85177,tarke
85272,tarmo
85282,tarot
85297,tarra
85356,tarve
85444,tasan
85577,tasku
85651,tassi
85652,tassu
85661,tatar
85663,tatsi
85672,tatti
85690,tauko
85702,taula
85705,taulu
85758,tauti
85780,tavan
85834,tavis
85914,teddy
85915,teddy
85937,teema
85969,teeri
85975,teesi
86025,tehdä
86101,teili
86104,teini
86158,tekno
86173,teko‑
86346,tele‑
86453,telje
86455,teljo
86456,telki
86469,teloa
86509,tempe
86520,tempo
86543,tenho
86674,tera‑
86704,terho
86709,teriö
86716,termi
86797,terva
86826,terve
86941,teräs
87027,tesla
87028,tesma
87033,tessi
87053,testi
87064,tetra
87115,tiara
87120,tiede
87278,tiera
87316,tieto
87442,tietä
87467,tiheä
87478,tihku
87519,tiili
87544,tiima
87549,tiimi
87554,tiine
87561,tiinu
87563,tiira
87617,tikka
87622,tikki
87627,tikku
87641,tikli
87770,tilde
87771,tilhi
87817,tilke
87828,tilli
87834,tilsa
87842,tilus
87867,timmi
87900,tinka
87903,tinki
87930,tippa
87935,tippi
87973,tirri
87990,tiski
88010,tisle
88012,tissi
88031,tiuha
88060,tiuku
88071,toast
88136,toeta
88207,toimi
88426,toive
88440,toivo
88465,tokka
88466,tokka
88467,tokko
88468,tokko
88482,tolar
88505,tollo
88558,tonne
88560,tonni
88587,tonus
88588,tooga
88590,toope
88591,toora
88592,toosa
88608,toppa
88620,toppi
88621,toppi
88667,torke
88676,torni
88700,torso
88708,torua
88709,torut
88717,torvi
88742,tosin
88743,tosio
88765,tossu
88805,totta
88839,touhu
88853,touko
88863,touvi
89003,trial
89177,tuhat
89204,tuhka
89235,tuhma
89238,tuhnu
89269,tuhru
89273,tuhti
89274,tuhto
89279,tuija
89283,tuiju
89289,tuike
89294,tuiki
89303,tuima
89350,tukea
89427,tukka
89446,tukki
89470,tukko
89471,tukko
89476,tukku
89487,tukos
89608,tulke
89628,tulla
89633,tulli
89710,tulos
89757,tulva
89782,tumma
89849,tunku
89851,tunne
90004,tunti
90025,tunto
90039,tuntu
90087,tuoda
90094,tuohi
90110,tuoja
90137,tuoli
90184,tuomi
90209,tuoni
90251,tuore
90320,tuote
90425,tupas
90432,tupee
90438,tupla
90458,tuppi
90464,tuppo
90478,tupsu
90498,turbo
90506,turha
90598,turku
90599,turma
90626,turpa
90627,turpa
90639,turri
90651,turso
90654,turta
90658,turva
90748,turve
90791,tuska
90823,tussi
90831,tussu
90834,tutia
90838,tutka
90930,tutor
90933,tutsi
90944,tutti
90945,tutti
90947,tuttu
90950,tutua
90965,tuuba
90966,tuubi
91042,tuuli
91097,tuuma
91098,tuuma
91121,tuura
91125,tuuri
91148,tweed
91164,twist
91210,tyhjä
91225,tyhjö
91236,tyhmä
91265,tykki
91266,tykki
91275,tykky
91289,tyköä
91290,tylla
91292,tylli
91293,tylli
91326,tylsä
91348,tynkä
91386,typpi
91397,typäs
91415,tyriä
91426,tyrmä
91434,tyrni
91463,tytti
91466,tyttö
91505,tytyy
91506,tytär
91520,tyven
91548,tyyli
91586,tyyni
91591,tyyny
92078,tähde
92102,tähkä
92108,tähti
92182,tähän
92187,täkki
92188,täkki
92196,tälli
92226,tänne
92246,täplä
92335,tässä
92337,tästä
92338,täten
92346,tätsy
92377,täysi
92480,täyte
92535,töhkä
92536,töhnä
92541,töhry
92570,tölli
92575,töllö
92598,töniä
92632,törky
92637,törmä
92682,tötsä
92696,töyry
92734,uhata
92755,uhkea
92762,uhkua
92782,uhota
92815,uikku
92818,uima‑
92866,uinti
92878,uinua
92880,uisko
92888,uitto
92920,ujous
92969,ukuli
92983,ulina
92986,uljas
92991,ulkoa
93208,uloin
93210,uloke
93264,ulota
93286,ultra
93305,ulvoa
93308,umami
93309,umbra
93315,ummet
93361,umpio
93510,unssi
93533,upeus
93541,upota
93542,upote
93590,upsis
93644,urhea
93731,urina
93741,urku‑
93789,usein
93790,useus
93798,uskis
93800,uskoa
93877,utare
93884,utelu
93894,utsia
93924,uudin
93954,uumen
93991,uupua
93996,uuras
94000,uurna
94007,uurre
94017,uurto
94034,uusia
94147,uutto
94148,uuttu
94174,vaade
94211,vaaka
94263,vaali
94343,vaara
94344,vaara
94369,vaari
94370,vaari
94385,vaasi
94386,vaata
94387,vaate
94452,vaavi
94529,vahti
94536,vahva
94597,vaihe
94752,vaimo
94762,vaino
94773,vainu
94799,vaisu
94805,vaiti
94814,vaiva
94845,vajaa
94901,vakaa
94947,vaki‑
94959,vakio
95001,vakka
95021,vaksi
95072,valaa
95113,valas
95119,vale‑
95153,valhe
95172,valin
95191,valio
95252,valju
95391,valli
95484,valmu
95610,valos
95656,valta
95840,valua
95883,valve
95913,vamma
95952,vanha
96026,vanja
96038,vanki
96069,vanna
96071,vanne
96088,vanua
96102,vapaa
96210,vappu
96229,vara‑
96289,varas
96411,varho
96438,varis
96452,varjo
96494,varma
96528,varoa
96586,varpu
96609,varsa
96611,varsi
96643,varte
96688,varus
96731,varvi
96781,vasen
96810,vaski
96820,vasoa
96825,vasta
96826,vasta
97027,vaste
97117,vatja
97129,vatsa
97169,vatti
97170,watti
97171,vattu
97219,vaunu
97241,vauva
97276,webbi
97277,weber
97340,vedin
97345,vedos
97367,vehje
97368,vehka
97375,vehnä
97439,veisu
97460,veivi
97468,vekki
97494,velho
97525,velka
97561,velli
97566,velmu
97615,venda
97664,venhe
97665,venho
97694,venyä
97708,venät
97711,vepsä
97721,verbi
97765,veres
97775,verho
97878,verka
97992,verme
98145,verso
98154,verta
98194,verto
98492,veska
98494,veski
98495,vesoa
98498,vessa
98504,wessi
98619,vetää
98631,vibra
98637,vichy
98639,video
98686,viedä
98687,viehe
98704,viejä
98715,vielä
98736,vieno
98862,vieri
99086,vihje
99132,vihko
99140,vihma
99141,vihma
99147,vihne
99190,vihta
99306,viila
99330,viili
99343,viilu
99347,viima
99349,viime
99384,viina
99417,viini
99418,viini
99485,viira
99487,viiri
99494,viiru
99514,viisi
99515,viisi
99571,viisu
99575,viita
99579,viite
99620,viiva
99639,viive
99660,vika‑
99683,viklo
99704,vilja
99797,vilke
99814,villa
99815,villa
99857,villi
99940,vimma
99952,vimpa
99966,vinha
99969,vinka
99970,vinka
99988,vinku
100050,viola
100069,vippa
100073,vippi
100074,vippi
100075,vippi
100126,vireä
100129,virhe
100198,viriö
100199,virka
100281,virke
100309,virna
100310,virne
100328,virpi
100346,virsi
100360,virsu
100361,virta
100434,virua
100438,virus
100482,visio
100494,viski
100522,vissi
100525,vissy
100526,visti
100536,visva
100569,vitja
100570,vitka
100584,vitoa
100587,vitsa
100594,vitsi
100602,vittu
100634,viulu
100678,vlogi
100681,vodka
100682,vodou
100685,vohla
100693,voida
100694,voide
100720,voima
100950,vokki
100951,wokki
100990,vormu
101000,votka
101008,vouti
101031,vulva
101035,vuode
101064,vuohi
101071,vuoka
101147,vuolu
101152,vuona
101156,vuono
101175,vuori
101176,vuori
101230,vuoro
101290,vuosi
101360,vuota
101367,vuoto
101399,vyöry
101406,vyöte
101517,vähin
101563,vähän
101623,väite
101639,väive
101878,väljä
101884,välke
101910,välys
101928,vänkä
102088,värve
102106,väsky
102127,väsyä
102132,vätys
102137,väylä
102190,väärä
102216,ydin‑
102356,yhdes
102604,yhtiö
102615,yhtye
102618,yhtyä
102660,yhäti
102751,yksin
102955,yksiö
103143,yletä
103147,ylevä
103403,ylite
103504,ylpeä
103522,yltyä
103529,yltää
103530,ylväs
103613,ylävä
103650,ymppi
103750,yninä
103757,ynseä
103815,yrmeä
103818,yrtti
103837,yskiä
103852,yskös
103881,ysäri
103891,yytee
103897,yöasu
103916,yökkö
103959,yöpuu
103962,yöpyä
103978,yötyö
103982,yötön
103983,yöuni
103996,zambo
104005,zloty
104006,zombi
104013,zoomi
104026,ähinä
104030,ähkiä
104032,ähkyä
104035,ähkää
104061,äijä-
104067,äikkä
104074,äippä
104075,äiskä
104113,äityä
104116,äkeys
104127,äkki‑
104159,äkkiä
104170,äksön
104181,äkämä
104188,äkätä
104190,älinä
104192,älkää
104247,älytä
104254,äläkä
104262,ämyri
104266,änkkä
104276,äpäre
104278,äpärä
104280,äreys
104289,ärinä
104293,ärjyä
104310,ärtsy
104319,ärtyä
104324,äsken
104342,äyräs
104352,ääliö
104393,äänes
104509,äänne
104538,ääntö
104560,ääri‑
104601,öinen
104602,öisin
104609,ölinä
104724,örinä
104726,örkki
104733,överi
